<?xml version='1.0' encoding='UTF-8'?>
<!DOCTYPE hibernate-configuration PUBLIC
        "-//Hibernate/Hibernate Configuration DTD 3.0//EN"
        "http://www.hibernate.org/dtd/hibernate-configuration-3.0.dtd">

<hibernate-configuration>
    <session-factory>
        <property name="hbm2ddl.auto">create</property>
        <property name="connection.driver_class">org.postgresql.Driver</property>
        <property name="connection.url">jdbc:postgresql://localhost/employeedb</property>
        <property name="hibernate.dialect">org.hibernate.dialect.PostgreSQL9Dialect</property>
        <property name="connection.pool_size">1</property>
        <property name="show_sql">true</property>
        <mapping class = "models.Employee"/>
        <mapping class = "models.Administrator"/>
        <mapping class = "models.Manager"/>
        <mapping class = "models.Department"/>


    </session-factory>
</hibernate-configuration>